CREATE DATABASE  IF NOT EXISTS `chatroom` /*!40100 DEFAULT CHARACTER SET utf8 COLLATE utf8_general_ci */ /*!80016 DEFAULT ENCRYPTION='N' */;
USE `chatroom`;
-- MySQL dump 10.13  Distrib 8.0.19, for Win64 (x86_64)
--
-- Host: localhost    Database: chatroom
-- ------------------------------------------------------
-- Server version	8.0.19

/*!40101 SET @OLD_CHARACTER_SET_CLIENT=@@CHARACTER_SET_CLIENT */;
/*!40101 SET @OLD_CHARACTER_SET_RESULTS=@@CHARACTER_SET_RESULTS */;
/*!40101 SET @OLD_COLLATION_CONNECTION=@@COLLATION_CONNECTION */;
/*!50503 SET NAMES utf8 */;
/*!40103 SET @OLD_TIME_ZONE=@@TIME_ZONE */;
/*!40103 SET TIME_ZONE='+00:00' */;
/*!40014 SET @OLD_UNIQUE_CHECKS=@@UNIQUE_CHECKS, UNIQUE_CHECKS=0 */;
/*!40014 SET @OLD_FOREIGN_KEY_CHECKS=@@FOREIGN_KEY_CHECKS, FOREIGN_KEY_CHECKS=0 */;
/*!40101 SET @OLD_SQL_MODE=@@SQL_MODE, SQL_MODE='NO_AUTO_VALUE_ON_ZERO' */;
/*!40111 SET @OLD_SQL_NOTES=@@SQL_NOTES, SQL_NOTES=0 */;

--
-- Table structure for table `chatgroups`
--

DROP TABLE IF EXISTS `chatgroups`;
/*!40101 SET @saved_cs_client     = @@character_set_client */;
/*!50503 SET character_set_client = utf8 */;
CREATE TABLE `chatgroups` (
  `id` varchar(255) NOT NULL,
  `groupName` varchar(255) NOT NULL,
  `createTime` datetime NOT NULL DEFAULT CURRENT_TIMESTAMP,
  PRIMARY KEY (`id`),
  UNIQUE KEY `id_UNIQUE` (`id`)
) ENGINE=InnoDB DEFAULT CHARSET=utf8 COLLATE=utf8_general_ci;
/*!40101 SET character_set_client = @saved_cs_client */;

--
-- Dumping data for table `chatgroups`
--

LOCK TABLES `chatgroups` WRITE;
/*!40000 ALTER TABLE `chatgroups` DISABLE KEYS */;
INSERT INTO `chatgroups` VALUES ('5c28e3b4-0799-48be-865d-c5af06017e40','宇宙无敌暴龙兽,rocky2,我是嫩爹','2023-11-11 15:46:36'),('b9a55dd8-799b-4bf0-8b92-84e420f0f6d9','Wang,rocky1,rocky2','2023-11-09 14:29:07');
/*!40000 ALTER TABLE `chatgroups` ENABLE KEYS */;
UNLOCK TABLES;

--
-- Table structure for table `firend_message`
--

DROP TABLE IF EXISTS `firend_message`;
/*!40101 SET @saved_cs_client     = @@character_set_client */;
/*!50503 SET character_set_client = utf8 */;
CREATE TABLE `firend_message` (
  `id` int NOT NULL AUTO_INCREMENT,
  `userId` int NOT NULL,
  `friendId` int NOT NULL,
  `content` text NOT NULL,
  `time` datetime NOT NULL DEFAULT CURRENT_TIMESTAMP,
  `type` int NOT NULL COMMENT '0 代表 未读  1 代表 已读',
  `messageType` int NOT NULL COMMENT '1---- 文本  2----图片',
  PRIMARY KEY (`id`),
  UNIQUE KEY `id_UNIQUE` (`id`)
) ENGINE=InnoDB AUTO_INCREMENT=479 DEFAULT CHARSET=utf8 COLLATE=utf8_general_ci;
/*!40101 SET character_set_client = @saved_cs_client */;

--
-- Dumping data for table `firend_message`
--

LOCK TABLES `firend_message` WRITE;
/*!40000 ALTER TABLE `firend_message` DISABLE KEYS */;
INSERT INTO `firend_message` VALUES (195,1,2,'qwewqe','2023-11-05 14:42:01',1,1),(196,1,2,'sadsadasd','2023-11-05 14:45:29',1,1),(197,1,2,'dasdasd','2023-11-05 14:46:42',1,1),(198,1,2,'sadadsdsad','2023-11-05 14:46:44',1,1),(199,1,2,'123','2023-11-05 14:48:38',1,1),(200,1,2,'wqeqwe','2023-11-05 14:49:12',1,1),(201,1,2,'wqewqe','2023-11-05 14:49:13',1,1),(202,1,2,'123','2023-11-05 14:49:16',1,1),(203,1,2,'12','2023-11-05 14:49:19',1,1),(204,1,2,'45645','2023-11-05 14:49:37',1,1),(205,1,2,'789','2023-11-05 14:49:38',1,1),(206,1,2,'867','2023-11-05 14:49:49',1,1),(207,1,2,'44444','2023-11-05 14:49:51',1,1),(208,1,2,'1699167027143-1.jpg','2023-11-05 14:50:27',1,2),(209,1,2,'1699167181805-1.jpg','2023-11-05 14:53:01',1,2),(210,1,2,'1699167219070-1.jpg','2023-11-05 14:53:39',1,2),(211,1,2,'1699167378436-1.png','2023-11-05 14:56:18',1,2),(212,1,2,'1699167502188-1.jpeg','2023-11-05 14:58:22',1,2),(213,1,2,'1699167526976-1.jpg','2023-11-05 14:58:46',1,2),(214,1,2,'1699167650418-1.jpg','2023-11-05 15:00:50',1,2),(215,1,2,'wqewqeqwe','2023-11-05 15:01:00',1,1),(216,1,2,'1699167666611-1.jpg','2023-11-05 15:01:06',1,2),(217,2,1,'asdsad','2023-11-05 15:27:31',1,1),(218,2,1,'sad','2023-11-05 15:29:00',1,1),(219,2,1,'sad','2023-11-05 15:34:26',1,1),(220,2,1,'sadsad','2023-11-05 15:34:28',1,1),(221,2,1,'asdad','2023-11-05 15:34:29',1,1),(222,2,1,'111','2023-11-05 15:39:32',1,1),(223,2,1,'2222','2023-11-05 15:39:37',1,1),(224,2,1,'11111','2023-11-05 15:41:00',1,1),(225,2,1,'阿斯顿','2023-11-05 15:43:11',1,1),(226,2,1,'撒大都市','2023-11-05 15:49:28',1,1),(227,2,1,'撒打算','2023-11-05 15:50:57',1,1),(228,2,1,'阿斯顿','2023-11-05 15:50:59',1,1),(229,1,2,'wqe','2023-11-05 16:13:27',1,1),(230,2,1,'dsfdsfds','2023-11-05 17:11:02',1,1),(231,2,1,'qweqwe','2023-11-05 17:11:03',1,1),(232,2,1,'wqewqeqwe','2023-11-05 17:11:05',1,1),(233,2,1,'wqewqeqwe','2023-11-05 17:11:06',1,1),(234,2,1,'asdasdasd','2023-11-05 17:14:19',1,1),(235,2,1,'我噶你','2023-11-05 17:17:19',1,1),(236,2,1,'撒大苏打','2023-11-05 17:18:47',1,1),(237,2,1,'撒大大撒旦','2023-11-05 20:24:13',1,1),(238,2,1,'王企鹅王企鹅','2023-11-05 20:24:15',1,1),(239,2,1,'王企鹅王企鹅王企鹅','2023-11-05 20:24:17',1,1),(240,2,1,'我去饿我去恶趣味','2023-11-05 20:24:20',1,1),(241,2,1,'我干你老师','2023-11-05 22:39:04',1,1),(242,2,1,'你好','2023-11-06 13:10:59',1,1),(243,2,1,'我好','2023-11-06 13:12:26',1,1),(244,2,1,'hello','2023-11-06 13:13:34',1,1),(245,2,1,'see you','2023-11-06 13:14:03',1,1),(246,2,1,'nihao','2023-11-06 13:16:16',1,1),(247,2,1,'12','2023-11-06 13:18:50',1,1),(248,2,1,'123','2023-11-06 13:20:20',1,1),(249,2,1,'wqed','2023-11-06 13:22:47',1,1),(250,2,1,'wqew','2023-11-06 13:22:58',1,1),(251,2,1,'1111','2023-11-06 13:25:23',1,1),(252,2,1,'hello','2023-11-06 13:32:52',1,1),(253,2,1,'thankyou','2023-11-06 13:33:07',1,1),(254,2,1,'youyou','2023-11-06 13:33:25',1,1),(255,2,1,'sdad','2023-11-06 13:33:35',1,1),(256,2,1,'sad','2023-11-06 13:33:36',1,1),(257,2,1,'wqewqe','2023-11-06 13:34:10',1,1),(258,2,1,'asds','2023-11-06 13:34:30',1,1),(259,2,1,'sad','2023-11-06 13:34:47',1,1),(260,2,1,'asd','2023-11-06 13:34:49',1,1),(261,2,1,'hello','2023-11-06 13:36:19',1,1),(262,1,2,'what\'s up','2023-11-06 13:37:06',1,1),(263,2,1,'我丢','2023-11-06 13:37:25',1,1),(264,2,1,'1699249068707-2.jpeg','2023-11-06 13:37:48',1,2),(265,2,1,'。\n','2023-11-06 13:39:12',1,1),(266,2,1,'。','2023-11-06 13:40:02',1,1),(267,2,1,'1699249413978-2.jpg','2023-11-06 13:43:33',1,2),(268,2,1,'王企鹅王企鹅','2023-11-06 13:50:34',1,1),(269,2,1,'撒旦','2023-11-06 13:51:27',1,1),(270,2,1,'1699249892205-2.jpeg','2023-11-06 13:51:32',1,2),(271,2,1,'阿斯顿','2023-11-06 13:52:28',1,1),(272,2,1,'1699250072877-2.jpeg','2023-11-06 13:54:32',1,2),(273,2,1,'1699250139581-2.jpg','2023-11-06 13:55:39',1,2),(274,2,1,'hello','2023-11-06 14:04:11',1,1),(275,1,2,'我干你老师','2023-11-06 14:11:47',1,1),(276,2,1,'我干死你老师','2023-11-06 14:11:56',1,1),(277,2,1,'1699251124991-2.png','2023-11-06 14:12:05',1,2),(278,1,2,'1699251134372-1.jpg','2023-11-06 14:12:14',1,2),(279,2,1,'SADASD','2023-11-06 14:17:01',1,1),(280,2,1,'111','2023-11-06 14:17:55',1,1),(281,2,1,'1111','2023-11-06 14:18:11',1,1),(282,2,1,'刻录机','2023-11-06 14:18:58',1,1),(283,1,2,'撒大都市','2023-11-06 14:23:37',1,1),(284,2,1,'去问我去饿','2023-11-06 14:25:53',1,1),(285,2,1,'去问我去饿我去','2023-11-06 14:26:03',1,1),(286,2,1,'我噶你老师给','2023-11-06 14:26:20',1,1),(287,2,1,'s撒大苏打','2023-11-06 14:27:09',1,1),(288,2,1,'王企鹅王企鹅','2023-11-06 14:27:33',1,1),(289,2,1,'我完全呃呃','2023-11-06 14:28:55',1,1),(290,2,1,'请问企鹅','2023-11-06 14:31:15',1,1),(291,1,2,'我去饿','2023-11-06 14:31:47',1,1),(292,2,1,'我去饿','2023-11-06 14:35:27',1,1),(293,2,1,'威威企鹅','2023-11-06 14:36:45',1,1),(294,2,1,'我去饿','2023-11-06 14:36:57',1,1),(295,2,1,'213213','2023-11-06 14:39:19',1,1),(296,2,1,'12123132','2023-11-06 14:42:33',1,1),(297,2,1,'撒大苏打','2023-11-06 14:42:49',1,1),(298,2,1,'王企鹅王企鹅','2023-11-06 14:44:05',1,1),(299,2,1,'我去饿饿我去','2023-11-06 14:44:18',1,1),(300,2,1,'未全额额前','2023-11-06 14:44:41',1,1),(301,2,1,'请问','2023-11-06 14:45:08',1,1),(302,2,1,'请问我去饿','2023-11-06 14:45:28',1,1),(303,2,1,'我去饿','2023-11-06 14:46:24',1,1),(304,2,1,'我去饿','2023-11-06 14:46:29',1,1),(305,1,2,'我干你老师','2023-11-06 14:46:37',1,1),(306,1,2,'哈哈哈哈','2023-11-06 14:46:53',1,1),(307,1,2,'丢雷楼木','2023-11-06 14:47:34',1,1),(308,1,2,'撒旦','2023-11-06 14:47:41',1,1),(309,2,1,'请问','2023-11-06 14:47:48',1,1),(310,1,2,'丢雷楼木','2023-11-06 14:48:16',1,1),(311,2,1,'丢雷楼木','2023-11-06 14:48:29',1,1),(312,2,1,'丢雷楼木','2023-11-06 14:48:40',1,1),(313,2,1,'丢雷楼木','2023-11-06 14:48:49',1,1),(314,2,1,'丢雷楼木','2023-11-06 14:48:53',1,1),(315,1,2,'丢雷楼木','2023-11-06 14:48:56',1,1),(316,1,2,'丢雷楼木','2023-11-06 14:49:50',1,1),(317,2,1,'丢雷楼木','2023-11-06 14:49:53',1,1),(318,2,1,'我去饿','2023-11-06 14:50:14',1,1),(319,1,2,'我去饿','2023-11-06 14:50:17',1,1),(320,1,2,'欧文干','2023-11-06 14:50:22',1,1),(321,1,2,'去你的','2023-11-06 14:50:28',1,1),(322,1,2,'1699253434396-1.jpg','2023-11-06 14:50:34',1,2),(323,2,1,'1699253440138-2.png','2023-11-06 14:50:40',1,2),(324,1,2,'阿萨大大','2023-11-06 22:34:20',1,1),(325,1,2,'阿斯顿撒旦','2023-11-06 22:43:02',1,1),(326,1,2,'撒大苏打','2023-11-06 22:49:12',1,1),(327,1,2,'未全额万绮雯','2023-11-06 22:49:14',1,1),(328,1,2,'未全额委屈','2023-11-06 22:49:16',1,1),(329,1,2,'','2023-11-06 22:49:16',1,1),(330,1,2,'王企鹅王企鹅','2023-11-06 22:50:59',1,1),(331,1,2,'王企鹅王企鹅','2023-11-06 22:51:01',1,1),(332,1,2,'我去额前额为全额','2023-11-06 22:51:03',1,1),(333,1,2,'王企鹅王企鹅','2023-11-06 22:52:16',1,1),(334,1,2,'我去恶趣味','2023-11-06 22:52:18',1,1),(335,1,2,'王企鹅王企鹅','2023-11-06 22:52:19',1,1),(336,1,2,'你好','2023-11-06 22:58:34',1,1),(337,1,2,'我去额为','2023-11-06 23:00:56',1,1),(338,1,2,'我去恶趣味','2023-11-06 23:01:09',1,1),(339,1,2,'撒大大','2023-11-06 23:01:56',1,1),(340,1,2,'撒大大','2023-11-06 23:01:58',1,1),(341,1,2,'我去恶趣味','2023-11-06 23:02:07',1,1),(342,1,2,'我去恶趣味','2023-11-06 23:02:09',1,1),(343,1,2,'撒啊大苏打','2023-11-06 23:06:07',1,1),(344,1,2,'阿萨大大','2023-11-06 23:06:09',1,1),(345,1,2,'我去恶趣味','2023-11-06 23:07:28',1,1),(346,1,2,'王企鹅王企鹅','2023-11-06 23:07:29',1,1),(347,1,2,'王企鹅王企鹅','2023-11-06 23:07:36',1,1),(348,1,2,'王企鹅王企鹅','2023-11-06 23:07:37',1,1),(349,1,2,'hello','2023-11-08 13:24:05',1,1),(350,2,1,'hi','2023-11-08 13:24:13',1,1),(351,2,1,'杀杀杀','2023-11-08 15:45:39',1,1),(352,2,1,'嗡嗡嗡','2023-11-08 15:45:53',1,1),(353,2,1,'共','2023-11-08 15:46:51',1,1),(354,2,1,'dj','2023-11-08 15:47:55',1,1),(355,2,1,'都很积极就','2023-11-08 15:48:35',1,1),(356,1,2,'我是','2023-11-08 15:49:17',1,1),(357,1,2,'你爹','2023-11-08 15:49:33',1,1),(358,2,1,'qwe','2023-11-08 15:57:13',1,1),(359,2,1,'asd','2023-11-08 15:58:39',1,1),(360,2,1,'撒法发撒·','2023-11-08 17:07:29',1,1),(361,2,1,'你好','2023-11-09 14:55:30',1,1),(362,1,2,'我丢','2023-11-09 15:08:53',1,1),(363,2,1,'哈哈哈','2023-11-09 15:08:59',1,1),(364,1,2,'你好','2023-11-09 15:57:20',1,1),(365,1,2,'我好','2023-11-09 15:57:36',1,1),(366,1,2,'我干你老师','2023-11-09 16:04:30',1,1),(367,1,2,'我丢','2023-11-09 16:05:43',1,1),(368,1,2,'你好','2023-11-09 16:10:30',1,1),(369,2,1,'sad','2023-11-09 22:55:31',1,1),(370,1,2,'saad','2023-11-09 22:55:35',1,1),(371,1,2,'1699541739019-1.png','2023-11-09 22:55:39',1,2),(372,2,1,'你好','2023-11-10 13:08:00',1,1),(373,1,2,'wohao','2023-11-10 13:08:13',1,1),(374,2,1,'下下下','2023-11-10 13:11:04',1,1),(375,2,1,'下下下','2023-11-10 13:12:35',1,1),(376,2,1,'杀杀杀','2023-11-10 13:12:48',1,1),(377,2,1,'事实','2023-11-10 13:12:58',1,1),(378,1,2,'sad','2023-11-10 13:18:46',1,1),(379,1,2,'hhhhhh1','2023-11-10 13:19:19',1,1),(380,1,2,'nihao','2023-11-10 13:24:48',1,1),(381,1,2,'ssss','2023-11-10 13:26:06',1,1),(382,2,1,'xxx','2023-11-10 13:27:19',1,1),(383,1,2,'sad','2023-11-10 13:28:14',1,1),(384,1,2,'sad','2023-11-10 13:28:16',1,1),(385,1,2,'sss','2023-11-10 13:31:05',1,1),(386,1,2,'hello a','2023-11-10 13:31:14',1,1),(387,1,2,'.','2023-11-10 13:31:49',1,1),(388,1,2,'..','2023-11-10 13:32:08',1,1),(389,1,2,'.....','2023-11-10 13:57:09',1,1),(390,1,2,'fds','2023-11-10 13:57:22',1,1),(391,1,2,'...','2023-11-10 13:57:27',1,1),(392,1,2,'....','2023-11-10 13:57:32',1,1),(393,1,2,'...','2023-11-10 13:57:33',1,1),(394,1,2,'fg','2023-11-10 13:57:39',1,1),(395,1,2,'gf','2023-11-10 13:57:41',1,1),(396,1,2,'xxxxx','2023-11-10 14:28:18',1,1),(397,1,2,'sad','2023-11-10 14:28:23',1,1),(398,1,2,'sad','2023-11-10 14:28:25',1,1),(399,1,2,'asd','2023-11-10 14:28:26',1,1),(400,1,2,'x','2023-11-10 14:28:41',1,1),(401,1,2,'sad','2023-11-10 14:44:43',1,1),(402,1,2,'sadsadsad','2023-11-10 14:50:53',1,1),(403,1,2,'11','2023-11-10 14:50:59',1,1),(404,1,2,'sad','2023-11-10 14:51:19',1,1),(405,1,2,'sad','2023-11-10 14:51:23',1,1),(406,1,2,'fsdfwqewqe','2023-11-10 14:51:27',1,1),(407,1,2,'sdadasd','2023-11-10 14:51:53',1,1),(408,1,2,'sadsad','2023-11-10 14:52:02',1,1),(409,1,2,'dsadsadasd','2023-11-10 14:52:07',1,1),(410,1,2,'sadsadsad','2023-11-10 14:52:19',1,1),(411,1,2,'www','2023-11-10 14:53:53',1,1),(412,1,2,'wqe','2023-11-10 14:53:57',1,1),(413,2,1,'十大','2023-11-10 15:19:32',1,1),(414,2,1,'撒旦','2023-11-10 15:19:35',1,1),(415,2,1,'的撒','2023-11-10 15:21:08',1,1),(416,2,1,'撒旦','2023-11-10 15:21:16',1,1),(417,2,1,'阿斯顿','2023-11-10 15:21:19',1,1),(418,2,1,'阿斯顿','2023-11-10 15:22:34',1,1),(419,2,1,'撒旦','2023-11-10 15:22:56',1,1),(420,2,1,'撒旦','2023-11-10 15:22:59',1,1),(421,2,1,'撒旦','2023-11-10 15:23:03',1,1),(422,2,1,'sda','2023-11-10 15:23:27',1,1),(423,2,1,'撒旦','2023-11-10 15:25:35',1,1),(424,2,1,'撒旦','2023-11-10 15:25:38',1,1),(425,2,1,'飒飒大','2023-11-10 15:25:42',1,1),(426,2,1,'十大','2023-11-10 15:25:57',1,1),(427,2,1,'撒旦','2023-11-10 15:25:59',1,1),(428,2,1,'阿三大苏打','2023-11-10 15:27:18',1,1),(429,2,1,'萨芬','2023-11-10 15:27:39',1,1),(430,2,1,'撒旦','2023-11-10 15:28:27',1,1),(431,2,1,'阿斯顿','2023-11-10 15:28:30',1,1),(432,2,1,'十大','2023-11-10 15:28:51',1,1),(433,2,1,'撒旦','2023-11-10 15:29:01',1,1),(434,2,1,'阿萨·','2023-11-10 15:29:47',1,1),(435,2,1,'的撒','2023-11-10 15:29:52',1,1),(436,2,1,'撒旦','2023-11-10 15:34:09',1,1),(437,2,1,'撒旦','2023-11-10 15:34:23',1,1),(438,2,1,'wqe','2023-11-10 15:35:19',1,1),(439,2,1,'我去饿','2023-11-10 15:35:24',1,1),(440,2,1,'我去饿','2023-11-10 15:35:40',1,1),(441,2,1,'二位去','2023-11-10 15:35:51',1,1),(442,2,1,'我去饿','2023-11-10 15:35:55',1,1),(443,2,1,'十大','2023-11-10 15:38:02',1,1),(444,2,1,'我干你老师','2023-11-10 15:38:17',1,1),(445,2,1,'很好','2023-11-10 15:38:34',1,1),(446,2,1,'1699601921225-2.png','2023-11-10 15:38:41',1,2),(447,2,1,'1699602054619-2.jpg','2023-11-10 15:40:54',1,2),(448,2,1,'1699602083470-2.jpg','2023-11-10 15:41:23',1,2),(449,2,1,'1699602125981-2.jpg','2023-11-10 15:42:05',1,2),(450,2,1,'1699602179149-2.jpg','2023-11-10 15:42:59',1,2),(451,2,1,'消息','2023-11-10 15:43:51',1,1),(452,2,1,'是','2023-11-10 15:43:57',1,1),(453,2,1,'十大','2023-11-10 15:43:59',1,1),(454,2,1,'撒旦','2023-11-10 15:44:02',1,1),(455,2,1,'打撒','2023-11-10 15:44:05',1,1),(456,2,1,'打撒','2023-11-10 15:44:07',1,1),(457,2,1,'11','2023-11-10 15:44:42',1,1),(458,2,1,'123','2023-11-10 15:45:21',1,1),(459,2,1,'撒旦','2023-11-10 15:45:45',1,1),(460,2,1,'1699602352533-2.png','2023-11-10 15:45:52',1,2),(461,2,1,'我噶你','2023-11-10 15:47:13',1,1),(462,2,1,'是','2023-11-11 13:29:14',1,1),(463,1,2,'你好','2023-11-11 13:29:24',1,1),(464,1,2,'撒旦','2023-11-11 14:02:26',1,1),(465,1,2,'撒旦','2023-11-11 14:02:35',1,1),(466,1,2,'和','2023-11-11 14:09:15',1,1),(467,1,2,'撒旦','2023-11-11 14:09:22',1,1),(468,1,2,'大师','2023-11-11 14:09:34',1,1),(469,1,2,'阿斯顿','2023-11-11 14:09:40',1,1),(470,1,2,'阿斯顿','2023-11-11 14:09:49',1,1),(471,1,2,'夺取王位','2023-11-11 14:10:58',1,1),(472,1,2,'撒旦','2023-11-11 14:11:08',1,1),(473,1,2,'十大','2023-11-11 14:11:15',1,1),(474,2,1,'丢你老母啊\n','2023-11-11 15:45:54',1,1),(475,1,2,'我干你老师傅阿','2023-11-11 15:46:11',1,1),(476,1,2,'?','2023-11-13 14:15:39',1,1),(477,2,1,'哈哈哈哈笑死我了?','2023-11-15 12:56:22',1,1),(478,2,1,'nihao?','2023-11-23 13:13:10',0,1);
/*!40000 ALTER TABLE `firend_message` ENABLE KEYS */;
UNLOCK TABLES;

--
-- Table structure for table `friend`
--

DROP TABLE IF EXISTS `friend`;
/*!40101 SET @saved_cs_client     = @@character_set_client */;
/*!50503 SET character_set_client = utf8 */;
CREATE TABLE `friend` (
  `id` int NOT NULL AUTO_INCREMENT,
  `friend_id` int NOT NULL,
  `user_id` int NOT NULL,
  `create_time` datetime NOT NULL DEFAULT CURRENT_TIMESTAMP,
  `updated_time` datetime NOT NULL DEFAULT CURRENT_TIMESTAMP,
  PRIMARY KEY (`id`),
  UNIQUE KEY `id_UNIQUE` (`id`)
) ENGINE=InnoDB AUTO_INCREMENT=26 DEFAULT CHARSET=utf8 COLLATE=utf8_general_ci;
/*!40101 SET character_set_client = @saved_cs_client */;

--
-- Dumping data for table `friend`
--

LOCK TABLES `friend` WRITE;
/*!40000 ALTER TABLE `friend` DISABLE KEYS */;
INSERT INTO `friend` VALUES (1,3,1,'2023-10-23 15:02:08','2023-10-23 15:02:08'),(2,2,1,'2023-10-23 15:04:00','2023-10-23 15:04:00'),(3,1,3,'2023-10-27 13:58:49','2023-10-27 13:58:49'),(4,1,2,'2023-10-27 14:02:47','2023-10-27 14:02:47'),(22,2,3,'2023-11-11 16:16:49','2023-11-11 16:16:49'),(23,3,2,'2023-11-11 16:16:49','2023-11-11 16:16:49'),(24,1,4,'2023-11-13 13:32:23','2023-11-13 13:32:23'),(25,4,1,'2023-11-13 13:32:23','2023-11-13 13:32:23');
/*!40000 ALTER TABLE `friend` ENABLE KEYS */;
UNLOCK TABLES;

--
-- Table structure for table `friend_request`
--

DROP TABLE IF EXISTS `friend_request`;
/*!40101 SET @saved_cs_client     = @@character_set_client */;
/*!50503 SET character_set_client = utf8 */;
CREATE TABLE `friend_request` (
  `id` int NOT NULL AUTO_INCREMENT,
  `request_id` int NOT NULL,
  `friend_id` int NOT NULL,
  PRIMARY KEY (`id`)
) ENGINE=InnoDB AUTO_INCREMENT=34 DEFAULT CHARSET=utf8 COLLATE=utf8_general_ci;
/*!40101 SET character_set_client = @saved_cs_client */;

--
-- Dumping data for table `friend_request`
--

LOCK TABLES `friend_request` WRITE;
/*!40000 ALTER TABLE `friend_request` DISABLE KEYS */;
/*!40000 ALTER TABLE `friend_request` ENABLE KEYS */;
UNLOCK TABLES;

--
-- Table structure for table `group_message`
--

DROP TABLE IF EXISTS `group_message`;
/*!40101 SET @saved_cs_client     = @@character_set_client */;
/*!50503 SET character_set_client = utf8 */;
CREATE TABLE `group_message` (
  `id` int NOT NULL AUTO_INCREMENT,
  `groupId` varchar(255) COLLATE utf8_unicode_ci NOT NULL,
  `userId` varchar(255) COLLATE utf8_unicode_ci NOT NULL,
  `content` text CHARACTER SET utf8 COLLATE utf8_unicode_ci,
  `time` datetime NOT NULL DEFAULT CURRENT_TIMESTAMP,
  `type` int NOT NULL,
  `messageType` int NOT NULL COMMENT '1---- 文本  2----图片',
  PRIMARY KEY (`id`),
  UNIQUE KEY `id_UNIQUE` (`id`)
) ENGINE=InnoDB AUTO_INCREMENT=97 DEFAULT CHARSET=utf8 COLLATE=utf8_unicode_ci;
/*!40101 SET character_set_client = @saved_cs_client */;

--
-- Dumping data for table `group_message`
--

LOCK TABLES `group_message` WRITE;
/*!40000 ALTER TABLE `group_message` DISABLE KEYS */;
INSERT INTO `group_message` VALUES (36,'b9a55dd8-799b-4bf0-8b92-84e420f0f6d9','2','你好','2023-11-09 14:29:15',0,1),(37,'b9a55dd8-799b-4bf0-8b92-84e420f0f6d9','1','我好','2023-11-09 14:29:45',0,1),(38,'b9a55dd8-799b-4bf0-8b92-84e420f0f6d9','1','大家好','2023-11-09 14:29:49',0,1),(39,'b9a55dd8-799b-4bf0-8b92-84e420f0f6d9','2','你好你哈','2023-11-09 15:09:06',0,1),(40,'b9a55dd8-799b-4bf0-8b92-84e420f0f6d9','1','1699513755240-b9a55dd8-799b-4bf0-8b92-84e420f0f6d9.png','2023-11-09 15:09:15',0,2),(41,'b9a55dd8-799b-4bf0-8b92-84e420f0f6d9','2','帅啊','2023-11-09 15:09:29',0,1),(42,'b9a55dd8-799b-4bf0-8b92-84e420f0f6d9','3','wodiu','2023-11-09 15:48:06',0,1),(43,'b9a55dd8-799b-4bf0-8b92-84e420f0f6d9','3','加入战斗','2023-11-09 15:48:18',0,1),(44,'b9a55dd8-799b-4bf0-8b92-84e420f0f6d9','2','1699516278873-b9a55dd8-799b-4bf0-8b92-84e420f0f6d9.jpg','2023-11-09 15:51:18',0,2),(45,'b9a55dd8-799b-4bf0-8b92-84e420f0f6d9','2','？？？？？？？','2023-11-09 15:51:40',0,1),(46,'b9a55dd8-799b-4bf0-8b92-84e420f0f6d9','1','哈哈哈哈哈','2023-11-09 15:51:46',0,1),(47,'b9a55dd8-799b-4bf0-8b92-84e420f0f6d9','2','你好啊','2023-11-09 16:04:35',0,1),(48,'b9a55dd8-799b-4bf0-8b92-84e420f0f6d9','2','hello','2023-11-09 16:05:48',0,1),(49,'b9a55dd8-799b-4bf0-8b92-84e420f0f6d9','2','我好','2023-11-09 16:10:36',0,1),(50,'b9a55dd8-799b-4bf0-8b92-84e420f0f6d9','2','khjhgj','2023-11-09 22:56:07',0,1),(51,'b9a55dd8-799b-4bf0-8b92-84e420f0f6d9','2','sss','2023-11-10 13:56:26',0,1),(52,'b9a55dd8-799b-4bf0-8b92-84e420f0f6d9','2','asd','2023-11-10 14:03:01',0,1),(53,'b9a55dd8-799b-4bf0-8b92-84e420f0f6d9','2','sad','2023-11-10 14:03:17',0,1),(54,'b9a55dd8-799b-4bf0-8b92-84e420f0f6d9','2','saddasd','2023-11-10 14:03:25',0,1),(55,'b9a55dd8-799b-4bf0-8b92-84e420f0f6d9','2','','2023-11-10 14:05:57',0,1),(56,'b9a55dd8-799b-4bf0-8b92-84e420f0f6d9','2','hhhh','2023-11-10 14:06:10',0,1),(57,'b9a55dd8-799b-4bf0-8b92-84e420f0f6d9','2','sdsasd','2023-11-10 14:06:22',0,1),(58,'b9a55dd8-799b-4bf0-8b92-84e420f0f6d9','2','sad','2023-11-10 14:06:48',0,1),(59,'b9a55dd8-799b-4bf0-8b92-84e420f0f6d9','1','的诉讼费收费','2023-11-10 14:06:52',0,1),(60,'b9a55dd8-799b-4bf0-8b92-84e420f0f6d9','2','sad','2023-11-10 14:07:25',0,1),(61,'b9a55dd8-799b-4bf0-8b92-84e420f0f6d9','2','sadsad','2023-11-10 14:08:05',0,1),(62,'b9a55dd8-799b-4bf0-8b92-84e420f0f6d9','2','sad','2023-11-10 14:14:56',0,1),(63,'b9a55dd8-799b-4bf0-8b92-84e420f0f6d9','2','saddas','2023-11-10 14:15:02',0,1),(64,'b9a55dd8-799b-4bf0-8b92-84e420f0f6d9','2','1699597026432-b9a55dd8-799b-4bf0-8b92-84e420f0f6d9.jpg','2023-11-10 14:17:06',0,2),(65,'b9a55dd8-799b-4bf0-8b92-84e420f0f6d9','2','1699597084687-b9a55dd8-799b-4bf0-8b92-84e420f0f6d9.png','2023-11-10 14:18:04',0,2),(66,'b9a55dd8-799b-4bf0-8b92-84e420f0f6d9','2','1699597102851-b9a55dd8-799b-4bf0-8b92-84e420f0f6d9.jpg','2023-11-10 14:18:22',0,2),(67,'b9a55dd8-799b-4bf0-8b92-84e420f0f6d9','2','sad','2023-11-10 14:19:03',0,1),(68,'b9a55dd8-799b-4bf0-8b92-84e420f0f6d9','2','1699597154584-b9a55dd8-799b-4bf0-8b92-84e420f0f6d9.png','2023-11-10 14:19:14',0,2),(69,'b9a55dd8-799b-4bf0-8b92-84e420f0f6d9','2','sad','2023-11-10 14:20:23',0,1),(70,'b9a55dd8-799b-4bf0-8b92-84e420f0f6d9','2','sad','2023-11-10 14:20:33',0,1),(71,'b9a55dd8-799b-4bf0-8b92-84e420f0f6d9','1','撒旦撒','2023-11-10 14:20:36',0,1),(72,'b9a55dd8-799b-4bf0-8b92-84e420f0f6d9','2','1699597242047-b9a55dd8-799b-4bf0-8b92-84e420f0f6d9.png','2023-11-10 14:20:42',0,2),(73,'b9a55dd8-799b-4bf0-8b92-84e420f0f6d9','2','1699597290724-b9a55dd8-799b-4bf0-8b92-84e420f0f6d9.jpg','2023-11-10 14:21:30',0,2),(74,'b9a55dd8-799b-4bf0-8b92-84e420f0f6d9','1','撒旦','2023-11-10 14:22:31',0,1),(75,'b9a55dd8-799b-4bf0-8b92-84e420f0f6d9','1','1699597363553-b9a55dd8-799b-4bf0-8b92-84e420f0f6d9.png','2023-11-10 14:22:43',0,2),(76,'b9a55dd8-799b-4bf0-8b92-84e420f0f6d9','1','1699597463498-b9a55dd8-799b-4bf0-8b92-84e420f0f6d9.png','2023-11-10 14:24:23',0,2),(77,'b9a55dd8-799b-4bf0-8b92-84e420f0f6d9','1','1699597479857-b9a55dd8-799b-4bf0-8b92-84e420f0f6d9.png','2023-11-10 14:24:39',0,2),(78,'b9a55dd8-799b-4bf0-8b92-84e420f0f6d9','1','1699597523053-b9a55dd8-799b-4bf0-8b92-84e420f0f6d9.jpg','2023-11-10 14:25:23',0,2),(79,'b9a55dd8-799b-4bf0-8b92-84e420f0f6d9','1','1699597606816-b9a55dd8-799b-4bf0-8b92-84e420f0f6d9.png','2023-11-10 14:26:46',0,2),(80,'b9a55dd8-799b-4bf0-8b92-84e420f0f6d9','1','1699597624421-b9a55dd8-799b-4bf0-8b92-84e420f0f6d9.png','2023-11-10 14:27:04',0,2),(81,'b9a55dd8-799b-4bf0-8b92-84e420f0f6d9','2','1','2023-11-10 14:27:12',0,1),(82,'b9a55dd8-799b-4bf0-8b92-84e420f0f6d9','2','1699597637368-b9a55dd8-799b-4bf0-8b92-84e420f0f6d9.jpg','2023-11-10 14:27:17',0,2),(83,'b9a55dd8-799b-4bf0-8b92-84e420f0f6d9','2','1699597644572-b9a55dd8-799b-4bf0-8b92-84e420f0f6d9.png','2023-11-10 14:27:24',0,2),(84,'b9a55dd8-799b-4bf0-8b92-84e420f0f6d9','1','很好','2023-11-10 15:46:05',0,1),(85,'b9a55dd8-799b-4bf0-8b92-84e420f0f6d9','1','哈哈哈','2023-11-10 15:47:22',0,1),(86,'b9a55dd8-799b-4bf0-8b92-84e420f0f6d9','2','哔哔哔','2023-11-11 13:28:42',0,1),(87,'b9a55dd8-799b-4bf0-8b92-84e420f0f6d9','2','滴滴','2023-11-11 13:29:07',0,1),(88,'5c28e3b4-0799-48be-865d-c5af06017e40','1','hhhh','2023-11-11 15:48:14',0,1),(89,'5c28e3b4-0799-48be-865d-c5af06017e40','1','sd','2023-11-11 15:48:32',0,1),(90,'5c28e3b4-0799-48be-865d-c5af06017e40','2','请问','2023-11-11 15:48:35',0,1),(91,'5c28e3b4-0799-48be-865d-c5af06017e40','3','.....','2023-11-11 15:49:49',0,1),(92,'5c28e3b4-0799-48be-865d-c5af06017e40','1','?','2023-11-13 13:53:27',0,1),(93,'5c28e3b4-0799-48be-865d-c5af06017e40','1','?','2023-11-13 14:11:55',0,1),(94,'5c28e3b4-0799-48be-865d-c5af06017e40','1','?','2023-11-13 14:13:34',0,1),(95,'5c28e3b4-0799-48be-865d-c5af06017e40','1','?','2023-11-13 14:17:57',0,1),(96,'5c28e3b4-0799-48be-865d-c5af06017e40','1','你别逗我?','2023-11-15 12:55:13',0,1);
/*!40000 ALTER TABLE `group_message` ENABLE KEYS */;
UNLOCK TABLES;

--
-- Table structure for table `moment`
--

DROP TABLE IF EXISTS `moment`;
/*!40101 SET @saved_cs_client     = @@character_set_client */;
/*!50503 SET character_set_client = utf8 */;
CREATE TABLE `moment` (
  `id` int NOT NULL AUTO_INCREMENT,
  `text` text NOT NULL,
  `image` varchar(255) DEFAULT NULL,
  `time` datetime NOT NULL DEFAULT CURRENT_TIMESTAMP,
  PRIMARY KEY (`id`)
) ENGINE=InnoDB AUTO_INCREMENT=20 DEFAULT CHARSET=utf8 COLLATE=utf8_general_ci;
/*!40101 SET character_set_client = @saved_cs_client */;

--
-- Dumping data for table `moment`
--

LOCK TABLES `moment` WRITE;
/*!40000 ALTER TABLE `moment` DISABLE KEYS */;
INSERT INTO `moment` VALUES (11,'阿迪斯','1700556241329-1.png','2023-11-21 16:44:01'),(12,'阿迪斯打撒','1700556257503-1.png','2023-11-21 16:44:17'),(13,'阿迪斯打撒','1700556354628-1.png','2023-11-21 16:45:54'),(14,'sadsad','1700556508482-1.png','2023-11-21 16:48:28'),(15,'sadsad','1700556536604-1.png','2023-11-21 16:48:56'),(16,'sadsad','1700556618173-1.png','2023-11-21 16:50:18'),(17,'sadsad',NULL,'2023-11-21 16:57:47'),(18,'sadsadsadasd',NULL,'2023-11-21 16:58:30'),(19,'hello a',NULL,'2023-11-22 11:52:15');
/*!40000 ALTER TABLE `moment` ENABLE KEYS */;
UNLOCK TABLES;

--
-- Table structure for table `user`
--

DROP TABLE IF EXISTS `user`;
/*!40101 SET @saved_cs_client     = @@character_set_client */;
/*!50503 SET character_set_client = utf8 */;
CREATE TABLE `user` (
  `id` int NOT NULL AUTO_INCREMENT,
  `username` varchar(255) NOT NULL,
  `password` varchar(255) NOT NULL,
  `avatar` varchar(255) DEFAULT NULL,
  `create_Time` datetime NOT NULL DEFAULT CURRENT_TIMESTAMP,
  `nickname` varchar(255) NOT NULL,
  PRIMARY KEY (`id`)
) ENGINE=InnoDB AUTO_INCREMENT=8 DEFAULT CHARSET=utf8 COLLATE=utf8_general_ci;
/*!40101 SET character_set_client = @saved_cs_client */;

--
-- Dumping data for table `user`
--

LOCK TABLES `user` WRITE;
/*!40000 ALTER TABLE `user` DISABLE KEYS */;
INSERT INTO `user` VALUES (1,'Wang','$2a$10$.q8S/qsrAKVMnXlpqHkn1e0bduodF4j2Tz8OOIFaAgSKbbFBnKlYi','1698829848712-1.jpg','2023-10-18 16:18:57','宇宙无敌暴龙兽'),(2,'rocky1','$2a$10$D4hPBIMb5lLCoEZquPMszOyV.kVxmxbGRaPnxL4p3mOsCiTsvrwkG','1699074936291-2.jpeg','2023-10-22 14:25:11','我是嫩爹'),(3,'rocky2','$2a$10$anHgTmpVUFI4qbWH.1UOQe8k4Dl2hGmESYdAge.5JjkKFPd1fzIXm','','2023-10-22 14:25:54','rocky2'),(4,'rocky3','$2a$10$/WtDCuI2wPK9zX9jx3yKjOGAh99tNxbZDazEsLhwlDeL4VrCImfHa','','2023-10-22 14:43:48','rocky3'),(5,'adwad','sadsadadsad','','2023-10-31 15:00:47','美少女战士'),(6,'rocky55','$2a$10$XqPL8oj1oVUlu8KoRULMJeBhHSrWu8EUHuuYeVtyurfWr5gsXz5T6','','2023-11-01 14:13:30','比奇堡第一狠人'),(7,'ricky','$2a$10$C4fUm1CS1ZWU7AQvk2ClsetZmjxV1P8QjK9LfrjAZd1xqcMUPwXwm',NULL,'2023-11-11 14:37:57','ricky');
/*!40000 ALTER TABLE `user` ENABLE KEYS */;
UNLOCK TABLES;

--
-- Table structure for table `user_group`
--

DROP TABLE IF EXISTS `user_group`;
/*!40101 SET @saved_cs_client     = @@character_set_client */;
/*!50503 SET character_set_client = utf8 */;
CREATE TABLE `user_group` (
  `id` int NOT NULL AUTO_INCREMENT,
  `user_id` int NOT NULL,
  `group_id` varchar(255) NOT NULL,
  `lastReadMessageId` int DEFAULT NULL,
  `unreadCount` int NOT NULL,
  UNIQUE KEY `id_UNIQUE` (`id`),
  KEY `fk_group_id` (`group_id`),
  CONSTRAINT `fk_group_id` FOREIGN KEY (`group_id`) REFERENCES `chatgroups` (`id`) ON DELETE CASCADE
) ENGINE=InnoDB AUTO_INCREMENT=170 DEFAULT CHARSET=utf8 COLLATE=utf8_general_ci;
/*!40101 SET character_set_client = @saved_cs_client */;

--
-- Dumping data for table `user_group`
--

LOCK TABLES `user_group` WRITE;
/*!40000 ALTER TABLE `user_group` DISABLE KEYS */;
INSERT INTO `user_group` VALUES (161,1,'b9a55dd8-799b-4bf0-8b92-84e420f0f6d9',87,0),(162,2,'b9a55dd8-799b-4bf0-8b92-84e420f0f6d9',87,0),(163,3,'b9a55dd8-799b-4bf0-8b92-84e420f0f6d9',87,0),(166,1,'5c28e3b4-0799-48be-865d-c5af06017e40',96,0),(167,3,'5c28e3b4-0799-48be-865d-c5af06017e40',91,2),(168,2,'5c28e3b4-0799-48be-865d-c5af06017e40',96,0),(169,5,'5c28e3b4-0799-48be-865d-c5af06017e40',NULL,6);
/*!40000 ALTER TABLE `user_group` ENABLE KEYS */;
UNLOCK TABLES;

--
-- Table structure for table `user_moments`
--

DROP TABLE IF EXISTS `user_moments`;
/*!40101 SET @saved_cs_client     = @@character_set_client */;
/*!50503 SET character_set_client = utf8 */;
CREATE TABLE `user_moments` (
  `id` int NOT NULL AUTO_INCREMENT,
  `user_id` int NOT NULL,
  `moment_id` int NOT NULL,
  PRIMARY KEY (`id`),
  KEY `fk_user_moments_user_id` (`user_id`),
  KEY `fk_user_moments_moment_id` (`moment_id`),
  CONSTRAINT `fk_user_moments_moment_id` FOREIGN KEY (`moment_id`) REFERENCES `moment` (`id`) ON DELETE CASCADE,
  CONSTRAINT `fk_user_moments_user_id` FOREIGN KEY (`user_id`) REFERENCES `user` (`id`) ON DELETE CASCADE
) ENGINE=InnoDB AUTO_INCREMENT=16 DEFAULT CHARSET=utf8 COLLATE=utf8_general_ci;
/*!40101 SET character_set_client = @saved_cs_client */;

--
-- Dumping data for table `user_moments`
--

LOCK TABLES `user_moments` WRITE;
/*!40000 ALTER TABLE `user_moments` DISABLE KEYS */;
INSERT INTO `user_moments` VALUES (7,1,11),(8,1,12),(9,1,13),(10,1,14),(11,1,15),(12,1,16),(13,1,17),(14,1,18),(15,2,19);
/*!40000 ALTER TABLE `user_moments` ENABLE KEYS */;
UNLOCK TABLES;
/*!40103 SET TIME_ZONE=@OLD_TIME_ZONE */;

/*!40101 SET SQL_MODE=@OLD_SQL_MODE */;
/*!40014 SET FOREIGN_KEY_CHECKS=@OLD_FOREIGN_KEY_CHECKS */;
/*!40014 SET UNIQUE_CHECKS=@OLD_UNIQUE_CHECKS */;
/*!40101 SET CHARACTER_SET_CLIENT=@OLD_CHARACTER_SET_CLIENT */;
/*!40101 SET CHARACTER_SET_RESULTS=@OLD_CHARACTER_SET_RESULTS */;
/*!40101 SET COLLATION_CONNECTION=@OLD_COLLATION_CONNECTION */;
/*!40111 SET SQL_NOTES=@OLD_SQL_NOTES */;

-- Dump completed on 2023-11-23 15:36:31
